year,cpi_value
1976,31.1
1977,33.6
1978,36.6
1979,40.0
1980,44.0
1981,49.5
1982,54.9
1983,58.1
1984,60.6
1985,63.0
1986,65.6
1987,68.5
1988,71.2
1989,74.8
1990,78.4
1991,82.8
1992,84.0
1993,85.6
1994,85.7
1995,87.6
1996,88.9
1997,90.4
1998,91.3
1999,92.9
2000,95.4
2001,97.8
2002,100.0
2003,102.8
2004,104.7
2005,107.0
2006,109.1
2007,111.5
2008,114.1
2009,114.4
2010,116.5
2011,119.9
2012,121.7
2013,122.8
2014,125.2
2015,126.6
2016,128.4
2017,130.4
2018,133.4
2019,136.0
2020,137.0
2021,141.6
2022,151.2
2023,157.1
